id,name,description,type,images,level,repository,highlight
1,projeto001,"Lorem ipsum dolor sit amet, consectetur adipiscing elit.","web","image.jpg",2,https://github.com/felippeh,false
2,projeto002,"Lorem ipsum dolor sit amet, consectetur adipiscing elit.","web","image.jpg",4,https://github.com/felippeh,true
3,projeto003,"Lorem ipsum dolor sit amet, consectetur adipiscing elit.","mobile","image.jpg",3,https://github.com/felippeh,false
4,projeto004,"Lorem ipsum dolor sit amet, consectetur adipiscing elit.","mobile","image.jpg",3,https://github.com/felippeh,true
5,projeto005,"Lorem ipsum dolor sit amet, consectetur adipiscing elit.","mobile","image.jpg",3,https://github.com/felippeh,true
6,projeto006,"Lorem ipsum dolor sit amet, consectetur adipiscing elit.","web","image.jpg",2,https://github.com/felippeh,false
7,projeto007,"Lorem ipsum dolor sit amet, consectetur adipiscing elit.","jogo","image.jpg",2,https://github.com/felippeh,false
8,projeto008,"Lorem ipsum dolor sit amet, consectetur adipiscing elit.","jogo","image.jpg",2,https://github.com/felippeh,false
9,projeto009,"Lorem ipsum dolor sit amet, consectetur adipiscing elit.","jogo","image.jpg",2,https://github.com/felippeh,false
10,projeto010,"Lorem ipsum dolor sit amet, consectetur adipiscing elit.","jogo","image.jpg",2,https://github.com/felippeh,false
11,projeto011,"Lorem ipsum dolor sit amet, consectetur adipiscing elit.","web","image.jpg",2,https://github.com/felippeh,false
12,projeto012,"Lorem ipsum dolor sit amet, consectetur adipiscing elit.","jogo","image.jpg",2,https://github.com/felippeh,false
13,projeto013,"Lorem ipsum dolor sit amet, consectetur adipiscing elit.","web","image.jpg",2,https://github.com/felippeh,false
14,projeto014,"Lorem ipsum dolor sit amet, consectetur adipiscing elit.","mobile","image.jpg",2,https://github.com/felippeh,false
15,projeto015,"Lorem ipsum dolor sit amet, consectetur adipiscing elit.","mobile","image.jpg",2,https://github.com/felippeh,false
16,projeto016,"Lorem ipsum dolor sit amet, consectetur adipiscing elit.","mobile","image.jpg",2,https://github.com/felippeh,false
17,projeto017,"Lorem ipsum dolor sit amet, consectetur adipiscing elit.","mobile","image.jpg",2,https://github.com/felippeh,false
18,projeto018,"Lorem ipsum dolor sit amet, consectetur adipiscing elit.","web","image.jpg",2,https://github.com/felippeh,false
19,projeto019,"Lorem ipsum dolor sit amet, consectetur adipiscing elit.","web","image.jpg",2,https://github.com/felippeh,true